{
  "total_trajectories": 401,
  "total_actions": "161094",
  "avg_actions_per_trajectory": 401.73067331670825,
  "task_categories": {
    "manipulation": 168,
    "interaction": 129,
    "navigation": 55,
    "complex": 35,
    "other": 14
  },
  "traj_overall_stability_mean": 0.060177888709444405,
  "traj_overall_stability_std": 0.04879646112902956,
  "traj_overall_stability_min": 8.60162422403868e-05,
  "traj_overall_stability_max": 0.3120325896751553,
  "traj_velocity_stability_mean": 0.05580193498132314,
  "traj_velocity_stability_std": 0.1069516680999896,
  "traj_velocity_stability_min": 4.973404679007643e-10,
  "traj_velocity_stability_max": 0.9925179818686362,
  "traj_acceleration_stability_mean": 0.00012419858443544641,
  "traj_acceleration_stability_std": 0.0022883513043589223,
  "traj_acceleration_stability_min": 5.044885561145261e-14,
  "traj_acceleration_stability_max": 0.04583213721756816,
  "traj_jerk_stability_mean": 4.410561523861754e-08,
  "traj_jerk_stability_std": 8.590520186422447e-07,
  "traj_jerk_stability_min": 5.0817366167616626e-18,
  "traj_jerk_stability_max": 1.7203629171267573e-05,
  "traj_position_stability_mean": 0.48980224495603036,
  "traj_position_stability_std": 0.3289429020379104,
  "traj_position_stability_min": 0.0008601614275715652,
  "traj_position_stability_max": 0.997724706844891,
  "gripper_overall_stability_mean": 0.41615761047636657,
  "gripper_overall_stability_std": 0.18895195921663707,
  "gripper_overall_stability_min": 0.20831747054554986,
  "gripper_overall_stability_max": 0.9997845553648335,
  "gripper_smoothness_mean": 0.26648269724812673,
  "gripper_smoothness_std": 0.31304421874661464,
  "gripper_smoothness_min": 6.139978472844819e-09,
  "gripper_smoothness_max": 0.9994613884120834,
  "gripper_frequency_mean": 0.267286777645452,
  "gripper_frequency_std": 0.2509128683450013,
  "gripper_frequency_min": 0.0223463687150838,
  "gripper_frequency_max": 1.0,
  "gripper_coordination_mean": 0.7645949942782678,
  "gripper_coordination_std": 0.030854263135393366,
  "gripper_coordination_min": 0.6586115616922577,
  "gripper_coordination_max": 1.0,
  "vla_explosions": "401",
  "erratic_gripper_count": "326",
  "vla_explosion_rate": 1.0,
  "erratic_gripper_rate": 0.8129675810473815,
  "manipulation_vla_explosion_rate": 1.0,
  "manipulation_erratic_gripper_rate": 0.8154761904761905,
  "interaction_vla_explosion_rate": 1.0,
  "interaction_erratic_gripper_rate": 0.8837209302325582,
  "navigation_vla_explosion_rate": 1.0,
  "navigation_erratic_gripper_rate": 0.8,
  "other_vla_explosion_rate": 1.0,
  "other_erratic_gripper_rate": 1.0,
  "complex_vla_explosion_rate": 1.0,
  "complex_erratic_gripper_rate": 0.4857142857142857,
  "avg_gripper_changes": 67.19950124688279,
  "avg_expected_gripper_changes": 7.855361596009975,
  "gripper_overuse_ratio": 8.620324189526185
}