{
  "total_trajectories": 200,
  "total_actions": "82000",
  "avg_actions_per_trajectory": 410.0,
  "task_categories": {
    "manipulation": 80,
    "navigation": 60,
    "interaction": 40,
    "other": 20
  },
  "traj_overall_stability_mean": 0.08606763524105339,
  "traj_overall_stability_std": 0.0018053493559182267,
  "traj_overall_stability_min": 0.078820956737218,
  "traj_overall_stability_max": 0.09048252938975217,
  "traj_velocity_stability_mean": 0.021444978924858544,
  "traj_velocity_stability_std": 0.003780876934975246,
  "traj_velocity_stability_min": 0.01041999399947245,
  "traj_velocity_stability_max": 0.029927150294700416,
  "traj_acceleration_stability_mean": 2.950693317977812e-06,
  "traj_acceleration_stability_std": 5.387477767587241e-07,
  "traj_acceleration_stability_min": 1.3858204754455565e-06,
  "traj_acceleration_stability_max": 4.209467025567579e-06,
  "traj_jerk_stability_mean": 3.55111792573001e-10,
  "traj_jerk_stability_std": 6.574235230988936e-11,
  "traj_jerk_stability_min": 1.6441297253004941e-10,
  "traj_jerk_stability_max": 5.137592450186236e-10,
  "traj_position_stability_mean": 0.8177775410604156,
  "traj_position_stability_std": 0.012115179274611247,
  "traj_position_stability_min": 0.7673654212541569,
  "traj_position_stability_max": 0.8449584638785411,
  "gripper_overall_stability_mean": 0.32722526501745136,
  "gripper_overall_stability_std": 0.057516580878971504,
  "gripper_overall_stability_min": 0.22459898081694546,
  "gripper_overall_stability_max": 0.4050250125948493,
  "gripper_smoothness_mean": 0.25359880008484575,
  "gripper_smoothness_std": 0.1435640923999236,
  "gripper_smoothness_min": 0.0030505245928529956,
  "gripper_smoothness_max": 0.4457683558440311,
  "gripper_frequency_mean": 0.02207514866806914,
  "gripper_frequency_std": 0.0004980580622354759,
  "gripper_frequency_min": 0.02030456852791878,
  "gripper_frequency_max": 0.02318840579710145,
  "gripper_coordination_mean": 0.7305440012769744,
  "gripper_coordination_std": 0.006501712551402593,
  "gripper_coordination_min": 0.7111079545651532,
  "gripper_coordination_max": 0.7483007063845446,
  "vla_explosions": "200",
  "erratic_gripper_count": "200",
  "vla_explosion_rate": 1.0,
  "erratic_gripper_rate": 1.0,
  "other_vla_explosion_rate": 1.0,
  "other_erratic_gripper_rate": 1.0,
  "interaction_vla_explosion_rate": 1.0,
  "interaction_erratic_gripper_rate": 1.0,
  "manipulation_vla_explosion_rate": 1.0,
  "manipulation_erratic_gripper_rate": 1.0,
  "navigation_vla_explosion_rate": 1.0,
  "navigation_erratic_gripper_rate": 1.0,
  "avg_gripper_changes": 362.585,
  "avg_expected_gripper_changes": 8.0,
  "gripper_overuse_ratio": 45.323125
}