{
  "total_trajectories": 429,
  "total_actions": "173131",
  "avg_actions_per_trajectory": 403.56876456876455,
  "task_categories": {
    "manipulation": 202,
    "interaction": 120,
    "navigation": 63,
    "complex": 34,
    "other": 10
  },
  "traj_overall_stability_mean": 0.08373021952359933,
  "traj_overall_stability_std": 0.002307890377843342,
  "traj_overall_stability_min": 0.06297505775502231,
  "traj_overall_stability_max": 0.087603868469261,
  "traj_velocity_stability_mean": 0.017063262081370482,
  "traj_velocity_stability_std": 0.0029652367541112986,
  "traj_velocity_stability_min": 0.000635893173362317,
  "traj_velocity_stability_max": 0.023025845401207858,
  "traj_acceleration_stability_mean": 2.334186418386564e-06,
  "traj_acceleration_stability_std": 4.205051654391014e-07,
  "traj_acceleration_stability_min": 8.08620607259521e-08,
  "traj_acceleration_stability_max": 3.569152440062219e-06,
  "traj_jerk_stability_mean": 2.809128186035827e-10,
  "traj_jerk_stability_std": 5.172340142773095e-11,
  "traj_jerk_stability_min": 9.203964480409108e-12,
  "traj_jerk_stability_max": 4.698172271967287e-10,
  "traj_position_stability_mean": 0.8031686673903459,
  "traj_position_stability_std": 0.018599185557821283,
  "traj_position_stability_min": 0.6284785485805003,
  "traj_position_stability_max": 0.8324043080101883,
  "gripper_overall_stability_mean": 0.2940149557515178,
  "gripper_overall_stability_std": 0.05042974393347448,
  "gripper_overall_stability_min": 0.22263248189656654,
  "gripper_overall_stability_max": 0.4008631085863716,
  "gripper_smoothness_mean": 0.16987198651799326,
  "gripper_smoothness_std": 0.12449207921544461,
  "gripper_smoothness_min": 0.0028111161249697596,
  "gripper_smoothness_max": 0.4268910902053,
  "gripper_frequency_mean": 0.022474177470809716,
  "gripper_frequency_std": 0.008099055083252088,
  "gripper_frequency_min": 0.020202020202020204,
  "gripper_frequency_max": 0.1111111111111111,
  "gripper_coordination_mean": 0.7310796930102585,
  "gripper_coordination_std": 0.007608562995895499,
  "gripper_coordination_min": 0.7129528752700598,
  "gripper_coordination_max": 0.7758323323158991,
  "vla_explosions": "429",
  "erratic_gripper_count": "429",
  "vla_explosion_rate": 1.0,
  "erratic_gripper_rate": 1.0,
  "interaction_vla_explosion_rate": 1.0,
  "interaction_erratic_gripper_rate": 1.0,
  "manipulation_vla_explosion_rate": 1.0,
  "manipulation_erratic_gripper_rate": 1.0,
  "complex_vla_explosion_rate": 1.0,
  "complex_erratic_gripper_rate": 1.0,
  "navigation_vla_explosion_rate": 1.0,
  "navigation_erratic_gripper_rate": 1.0,
  "other_vla_explosion_rate": 1.0,
  "other_erratic_gripper_rate": 1.0,
  "avg_gripper_changes": 364.9300699300699,
  "avg_expected_gripper_changes": 7.89044289044289,
  "gripper_overuse_ratio": 45.90608003108004
}