{
  "total_trajectories": 208,
  "total_actions": "79217",
  "avg_actions_per_trajectory": 380.85096153846155,
  "task_categories": {
    "manipulation": 100,
    "interaction": 88,
    "other": 20
  },
  "traj_overall_stability_mean": 0.0818767148784967,
  "traj_overall_stability_std": 0.015189800966178179,
  "traj_overall_stability_min": 0.03717961776264081,
  "traj_overall_stability_max": 0.2079730993146321,
  "traj_velocity_stability_mean": 0.020500018514525258,
  "traj_velocity_stability_std": 0.051818526716124635,
  "traj_velocity_stability_min": 0.0001602951057943785,
  "traj_velocity_stability_max": 0.5505333167467769,
  "traj_acceleration_stability_mean": 6.539930968459731e-06,
  "traj_acceleration_stability_std": 3.881535295307834e-05,
  "traj_acceleration_stability_min": 2.1464098344205792e-08,
  "traj_acceleration_stability_max": 0.0004409560305689323,
  "traj_jerk_stability_mean": 1.9049695598153257e-09,
  "traj_jerk_stability_std": 1.3861024594635749e-08,
  "traj_jerk_stability_min": 2.5901107228587313e-12,
  "traj_jerk_stability_max": 1.56943038387404e-07,
  "traj_position_stability_mean": 0.7777474843431329,
  "traj_position_stability_std": 0.07634912042487832,
  "traj_position_stability_min": 0.37104101218738034,
  "traj_position_stability_max": 0.9773408637889067,
  "gripper_overall_stability_mean": 0.31778373745978344,
  "gripper_overall_stability_std": 0.11645143466529467,
  "gripper_overall_stability_min": 0.2242368791812257,
  "gripper_overall_stability_max": 0.9773172309031557,
  "gripper_smoothness_mean": 0.19744794917627975,
  "gripper_smoothness_std": 0.16281897667304288,
  "gripper_smoothness_min": 0.0029817599244659643,
  "gripper_smoothness_max": 0.9755168703406347,
  "gripper_frequency_mean": 0.05546004752471268,
  "gripper_frequency_std": 0.17683805449136109,
  "gripper_frequency_min": 0.019801980198019802,
  "gripper_frequency_max": 1.0,
  "gripper_coordination_mean": 0.7405551451061926,
  "gripper_coordination_std": 0.045884494592444425,
  "gripper_coordination_min": 0.7,
  "gripper_coordination_max": 1.0,
  "vla_explosions": "208",
  "erratic_gripper_count": "201",
  "vla_explosion_rate": 1.0,
  "erratic_gripper_rate": 0.9663461538461539,
  "interaction_vla_explosion_rate": 1.0,
  "interaction_erratic_gripper_rate": 0.9204545454545454,
  "manipulation_vla_explosion_rate": 1.0,
  "manipulation_erratic_gripper_rate": 1.0,
  "other_vla_explosion_rate": 1.0,
  "other_erratic_gripper_rate": 1.0,
  "avg_gripper_changes": 345.13461538461536,
  "avg_expected_gripper_changes": 7.514423076923077,
  "gripper_overuse_ratio": 44.21033653846154
}