{
  "total_trajectories": 507,
  "total_actions": "206047",
  "avg_actions_per_trajectory": 406.4043392504931,
  "task_categories": {
    "manipulation": 202,
    "interaction": 120,
    "navigation": 85,
    "other": 70,
    "complex": 30
  },
  "traj_overall_stability_mean": 0.08408608228118722,
  "traj_overall_stability_std": 0.0018250887938525448,
  "traj_overall_stability_min": 0.0671885697392776,
  "traj_overall_stability_max": 0.08911963844817265,
  "traj_velocity_stability_mean": 0.017351727256276248,
  "traj_velocity_stability_std": 0.0027184711343412036,
  "traj_velocity_stability_min": 0.0006488170177607322,
  "traj_velocity_stability_max": 0.03133495085864392,
  "traj_acceleration_stability_mean": 2.3693447497980286e-06,
  "traj_acceleration_stability_std": 3.9433789137115385e-07,
  "traj_acceleration_stability_min": 8.170822483161978e-08,
  "traj_acceleration_stability_max": 5.058088590999084e-06,
  "traj_jerk_stability_mean": 2.8480767906599147e-10,
  "traj_jerk_stability_std": 4.8510977452256655e-11,
  "traj_jerk_stability_min": 9.679982708093194e-12,
  "traj_jerk_stability_max": 6.168583088647489e-10,
  "traj_position_stability_mean": 0.8061502591258394,
  "traj_position_stability_std": 0.01396502488653399,
  "traj_position_stability_min": 0.6705878181938602,
  "traj_position_stability_max": 0.8299361849768743,
  "gripper_overall_stability_mean": 0.28856908037180157,
  "gripper_overall_stability_std": 0.04940423257061529,
  "gripper_overall_stability_min": 0.2237798617095775,
  "gripper_overall_stability_max": 0.4150862384132391,
  "gripper_smoothness_mean": 0.15687423639327078,
  "gripper_smoothness_std": 0.12231074124381809,
  "gripper_smoothness_min": 0.0029454056373129536,
  "gripper_smoothness_max": 0.4057818856964126,
  "gripper_frequency_mean": 0.021807929142798846,
  "gripper_frequency_std": 0.003158918495364179,
  "gripper_frequency_min": 0.019736842105263157,
  "gripper_frequency_max": 0.08,
  "gripper_coordination_mean": 0.730923356905512,
  "gripper_coordination_std": 0.00683061939117288,
  "gripper_coordination_min": 0.7125113497346262,
  "gripper_coordination_max": 0.7625782804489135,
  "vla_explosions": "507",
  "erratic_gripper_count": "507",
  "vla_explosion_rate": 1.0,
  "erratic_gripper_rate": 1.0,
  "manipulation_vla_explosion_rate": 1.0,
  "manipulation_erratic_gripper_rate": 1.0,
  "interaction_vla_explosion_rate": 1.0,
  "interaction_erratic_gripper_rate": 1.0,
  "navigation_vla_explosion_rate": 1.0,
  "navigation_erratic_gripper_rate": 1.0,
  "complex_vla_explosion_rate": 1.0,
  "complex_erratic_gripper_rate": 1.0,
  "other_vla_explosion_rate": 1.0,
  "other_erratic_gripper_rate": 1.0,
  "avg_gripper_changes": 367.5325443786982,
  "avg_expected_gripper_changes": 7.93491124260355,
  "gripper_overuse_ratio": 46.18509204470743
}