{
  "total_trajectories": 389,
  "total_actions": "153953",
  "avg_actions_per_trajectory": 395.7660668380463,
  "task_categories": {
    "manipulation": 166,
    "interaction": 133,
    "navigation": 50,
    "complex": 30,
    "other": 10
  },
  "traj_overall_stability_mean": 0.14304550722247758,
  "traj_overall_stability_std": 0.04294522734772095,
  "traj_overall_stability_min": 0.07331573319502836,
  "traj_overall_stability_max": 0.274239297323027,
  "traj_velocity_stability_mean": 0.26988082345261893,
  "traj_velocity_stability_std": 0.18943198075871467,
  "traj_velocity_stability_min": 0.012474363086270415,
  "traj_velocity_stability_max": 0.8783550810062976,
  "traj_acceleration_stability_mean": 8.885337740965864e-05,
  "traj_acceleration_stability_std": 0.0001367924365986319,
  "traj_acceleration_stability_min": 2.560383238163088e-06,
  "traj_acceleration_stability_max": 0.0012787045124907827,
  "traj_jerk_stability_mean": 1.155308301335024e-08,
  "traj_jerk_stability_std": 1.773036766590366e-08,
  "traj_jerk_stability_min": 3.668092491021121e-10,
  "traj_jerk_stability_max": 1.7068027011176826e-07,
  "traj_position_stability_mean": 0.8904268189749767,
  "traj_position_stability_std": 0.061875213731751484,
  "traj_position_stability_min": 0.7066342358426367,
  "traj_position_stability_max": 0.9828793642533166,
  "gripper_overall_stability_mean": 0.7808671910564805,
  "gripper_overall_stability_std": 0.14104485369941538,
  "gripper_overall_stability_min": 0.608469710351018,
  "gripper_overall_stability_max": 1.0,
  "gripper_smoothness_mean": 0.9801248133110351,
  "gripper_smoothness_std": 0.018605658100715006,
  "gripper_smoothness_min": 0.9300778026508775,
  "gripper_smoothness_max": 1.0,
  "gripper_frequency_mean": 0.498252715693371,
  "gripper_frequency_std": 0.38744240500050875,
  "gripper_frequency_min": 0.046511627906976744,
  "gripper_frequency_max": 1.0,
  "gripper_coordination_mean": 0.7978048367468507,
  "gripper_coordination_std": 0.09768489467551168,
  "gripper_coordination_min": 0.5131702184677125,
  "gripper_coordination_max": 1.0,
  "vla_explosions": "389",
  "erratic_gripper_count": "0",
  "vla_explosion_rate": 1.0,
  "erratic_gripper_rate": 0.0,
  "manipulation_vla_explosion_rate": 1.0,
  "manipulation_erratic_gripper_rate": 0.0,
  "interaction_vla_explosion_rate": 1.0,
  "interaction_erratic_gripper_rate": 0.0,
  "other_vla_explosion_rate": 1.0,
  "other_erratic_gripper_rate": 0.0,
  "navigation_vla_explosion_rate": 1.0,
  "navigation_erratic_gripper_rate": 0.0,
  "complex_vla_explosion_rate": 1.0,
  "complex_erratic_gripper_rate": 0.0,
  "avg_gripper_changes": 37.239074550128535,
  "avg_expected_gripper_changes": 7.74293059125964,
  "gripper_overuse_ratio": 4.740543518178479
}