{
  "total_trajectories": 365,
  "total_actions": "146908",
  "avg_actions_per_trajectory": 402.4876712328767,
  "task_categories": {
    "manipulation": 155,
    "interaction": 116,
    "navigation": 54,
    "complex": 30,
    "other": 10
  },
  "traj_overall_stability_mean": 0.061156705683871854,
  "traj_overall_stability_std": 0.04953604810393336,
  "traj_overall_stability_min": 0.0004394391428178317,
  "traj_overall_stability_max": 0.19098745134049516,
  "traj_velocity_stability_mean": 0.06376914788097406,
  "traj_velocity_stability_std": 0.10080986492997265,
  "traj_velocity_stability_min": 7.467868095555981e-09,
  "traj_velocity_stability_max": 0.47496280678102976,
  "traj_acceleration_stability_mean": 1.1564404682049245e-05,
  "traj_acceleration_stability_std": 2.0572861703144104e-05,
  "traj_acceleration_stability_min": 9.971511171611578e-13,
  "traj_acceleration_stability_max": 0.00012140211116710134,
  "traj_jerk_stability_mean": 1.400521265653759e-09,
  "traj_jerk_stability_std": 2.4965065848726982e-09,
  "traj_jerk_stability_min": 1.1943485490008385e-16,
  "traj_jerk_stability_max": 1.5046799172072776e-08,
  "traj_position_stability_mean": 0.48399406226063924,
  "traj_position_stability_std": 0.33579205659517125,
  "traj_position_stability_min": 0.004394376489450194,
  "traj_position_stability_max": 0.9595931105480494,
  "gripper_overall_stability_mean": 0.43996927983924355,
  "gripper_overall_stability_std": 0.218829647158519,
  "gripper_overall_stability_min": 0.21045531473612122,
  "gripper_overall_stability_max": 0.9999941583657992,
  "gripper_smoothness_mean": 0.30726542537228146,
  "gripper_smoothness_std": 0.36105672980402304,
  "gripper_smoothness_min": 5.220326956364546e-09,
  "gripper_smoothness_max": 0.9999853959144976,
  "gripper_frequency_mean": 0.2937233467381758,
  "gripper_frequency_std": 0.2810912562972416,
  "gripper_frequency_min": 0.021333333333333333,
  "gripper_frequency_max": 1.0,
  "gripper_coordination_mean": 0.7631536855629277,
  "gripper_coordination_std": 0.029827884404411097,
  "gripper_coordination_min": 0.670143983276214,
  "gripper_coordination_max": 1.0,
  "vla_explosions": "365",
  "erratic_gripper_count": "274",
  "vla_explosion_rate": 1.0,
  "erratic_gripper_rate": 0.7506849315068493,
  "manipulation_vla_explosion_rate": 1.0,
  "manipulation_erratic_gripper_rate": 0.5741935483870968,
  "interaction_vla_explosion_rate": 1.0,
  "interaction_erratic_gripper_rate": 0.8879310344827587,
  "complex_vla_explosion_rate": 1.0,
  "complex_erratic_gripper_rate": 0.7,
  "navigation_vla_explosion_rate": 1.0,
  "navigation_erratic_gripper_rate": 0.9444444444444444,
  "other_vla_explosion_rate": 1.0,
  "other_erratic_gripper_rate": 1.0,
  "avg_gripper_changes": 69.79178082191781,
  "avg_expected_gripper_changes": 7.868493150684931,
  "gripper_overuse_ratio": 8.888013698630138
}