{
  "total_trajectories": 200,
  "total_actions": "81134",
  "avg_actions_per_trajectory": 405.67,
  "task_categories": {
    "manipulation": 80,
    "navigation": 60,
    "interaction": 40,
    "other": 20
  },
  "traj_overall_stability_mean": 0.13848367363348443,
  "traj_overall_stability_std": 0.03853706105508981,
  "traj_overall_stability_min": 0.072367997864911,
  "traj_overall_stability_max": 0.251727370953214,
  "traj_velocity_stability_mean": 0.24728916797517528,
  "traj_velocity_stability_std": 0.17112454786246004,
  "traj_velocity_stability_min": 0.01525411262383958,
  "traj_velocity_stability_max": 0.7680285244968967,
  "traj_acceleration_stability_mean": 6.635297747874629e-05,
  "traj_acceleration_stability_std": 6.920364006342225e-05,
  "traj_acceleration_stability_min": 2.6374607451057385e-06,
  "traj_acceleration_stability_max": 0.0004607985945642866,
  "traj_jerk_stability_mean": 8.446472843502515e-09,
  "traj_jerk_stability_std": 8.577779085112767e-09,
  "traj_jerk_stability_min": 3.4511655098597435e-10,
  "traj_jerk_stability_max": 5.581245719533361e-08,
  "traj_position_stability_mean": 0.8900593076661661,
  "traj_position_stability_std": 0.061561388382984965,
  "traj_position_stability_min": 0.6779707892790505,
  "traj_position_stability_max": 0.9806669404304709,
  "gripper_overall_stability_mean": 0.7956239773344612,
  "gripper_overall_stability_std": 0.13556803604231055,
  "gripper_overall_stability_min": 0.6014084097883993,
  "gripper_overall_stability_max": 1.0,
  "gripper_smoothness_mean": 0.9840729983611175,
  "gripper_smoothness_std": 0.015794365963628897,
  "gripper_smoothness_min": 0.9316224599860964,
  "gripper_smoothness_max": 1.0,
  "gripper_frequency_mean": 0.5418152222697381,
  "gripper_frequency_std": 0.3721232632728375,
  "gripper_frequency_min": 0.04790419161676647,
  "gripper_frequency_max": 1.0,
  "gripper_coordination_mean": 0.7981673710303092,
  "gripper_coordination_std": 0.09141407773092683,
  "gripper_coordination_min": 0.6495803450467066,
  "gripper_coordination_max": 1.0,
  "vla_explosions": "200",
  "erratic_gripper_count": "0",
  "vla_explosion_rate": 1.0,
  "erratic_gripper_rate": 0.0,
  "navigation_vla_explosion_rate": 1.0,
  "navigation_erratic_gripper_rate": 0.0,
  "interaction_vla_explosion_rate": 1.0,
  "interaction_erratic_gripper_rate": 0.0,
  "other_vla_explosion_rate": 1.0,
  "other_erratic_gripper_rate": 0.0,
  "manipulation_vla_explosion_rate": 1.0,
  "manipulation_erratic_gripper_rate": 0.0,
  "avg_gripper_changes": 29.85,
  "avg_expected_gripper_changes": 7.915,
  "gripper_overuse_ratio": 3.7375
}