{
  "total_trajectories": 210,
  "total_actions": "70787",
  "avg_actions_per_trajectory": 337.0809523809524,
  "task_categories": {
    "manipulation": 100,
    "interaction": 90,
    "other": 20
  },
  "traj_overall_stability_mean": 0.15029293935365076,
  "traj_overall_stability_std": 0.05481103876611137,
  "traj_overall_stability_min": 0.07689527663228655,
  "traj_overall_stability_max": 0.29520571299384946,
  "traj_velocity_stability_mean": 0.3170483846146091,
  "traj_velocity_stability_std": 0.23993101357120802,
  "traj_velocity_stability_min": 0.014202156436744483,
  "traj_velocity_stability_max": 0.9641115469220801,
  "traj_acceleration_stability_mean": 0.00020158874017068784,
  "traj_acceleration_stability_std": 0.0007560219931190403,
  "traj_acceleration_stability_min": 2.467044525373784e-06,
  "traj_acceleration_stability_max": 0.009580009915345345,
  "traj_jerk_stability_mean": 4.73200573528316e-08,
  "traj_jerk_stability_std": 2.7028391878961516e-07,
  "traj_jerk_stability_min": 3.4749932578615187e-10,
  "traj_jerk_stability_max": 3.4398682014498614e-06,
  "traj_position_stability_mean": 0.8682276688065477,
  "traj_position_stability_std": 0.08455599522677032,
  "traj_position_stability_min": 0.6462730226262754,
  "traj_position_stability_max": 0.9950802468754923,
  "gripper_overall_stability_mean": 0.8724417717812264,
  "gripper_overall_stability_std": 0.13363451339247148,
  "gripper_overall_stability_min": 0.6151870089985186,
  "gripper_overall_stability_max": 1.0,
  "gripper_smoothness_mean": 0.9903675557329387,
  "gripper_smoothness_std": 0.014102584177164316,
  "gripper_smoothness_min": 0.9174311959214729,
  "gripper_smoothness_max": 1.0,
  "gripper_frequency_mean": 0.7317492754576362,
  "gripper_frequency_std": 0.34544273393168456,
  "gripper_frequency_min": 0.06722689075630252,
  "gripper_frequency_max": 1.0,
  "gripper_coordination_mean": 0.8558998895025337,
  "gripper_coordination_std": 0.12008390944296146,
  "gripper_coordination_min": 0.471606969833374,
  "gripper_coordination_max": 1.0,
  "vla_explosions": "210",
  "erratic_gripper_count": "0",
  "vla_explosion_rate": 1.0,
  "erratic_gripper_rate": 0.0,
  "manipulation_vla_explosion_rate": 1.0,
  "manipulation_erratic_gripper_rate": 0.0,
  "interaction_vla_explosion_rate": 1.0,
  "interaction_erratic_gripper_rate": 0.0,
  "other_vla_explosion_rate": 1.0,
  "other_erratic_gripper_rate": 0.0,
  "avg_gripper_changes": 15.566666666666666,
  "avg_expected_gripper_changes": 6.690476190476191,
  "gripper_overuse_ratio": 2.058968253968254
}