{
  "total_trajectories": 508,
  "total_actions": "205948",
  "avg_actions_per_trajectory": 405.40944881889766,
  "task_categories": {
    "manipulation": 198,
    "interaction": 120,
    "other": 80,
    "navigation": 80,
    "complex": 30
  },
  "traj_overall_stability_mean": 0.1456627674249766,
  "traj_overall_stability_std": 0.040884194408091754,
  "traj_overall_stability_min": 0.07787636627809381,
  "traj_overall_stability_max": 0.26964447876443565,
  "traj_velocity_stability_mean": 0.28163341083634863,
  "traj_velocity_stability_std": 0.18145063267374562,
  "traj_velocity_stability_min": 0.015207036224378037,
  "traj_velocity_stability_max": 0.8588780150011452,
  "traj_acceleration_stability_mean": 8.824619106383943e-05,
  "traj_acceleration_stability_std": 0.0001070751570159675,
  "traj_acceleration_stability_min": 2.656526483701172e-06,
  "traj_acceleration_stability_max": 0.0009800232923016371,
  "traj_jerk_stability_mean": 1.1448707606471793e-08,
  "traj_jerk_stability_std": 1.3676229499642688e-08,
  "traj_jerk_stability_min": 3.815320234426598e-10,
  "traj_jerk_stability_max": 1.2378308845737555e-07,
  "traj_position_stability_mean": 0.8930960682090472,
  "traj_position_stability_std": 0.057388197578507695,
  "traj_position_stability_min": 0.7226834856156199,
  "traj_position_stability_max": 0.9760563140939702,
  "gripper_overall_stability_mean": 0.7816125594804642,
  "gripper_overall_stability_std": 0.14091081460656774,
  "gripper_overall_stability_min": 0.6010104358911126,
  "gripper_overall_stability_max": 1.0,
  "gripper_smoothness_mean": 0.9804912632818781,
  "gripper_smoothness_std": 0.018085273358291905,
  "gripper_smoothness_min": 0.9268747654287621,
  "gripper_smoothness_max": 1.0,
  "gripper_frequency_mean": 0.5021887265908742,
  "gripper_frequency_std": 0.3892263953209356,
  "gripper_frequency_min": 0.042328042328042326,
  "gripper_frequency_max": 1.0,
  "gripper_coordination_mean": 0.795864787301502,
  "gripper_coordination_std": 0.0960067273166356,
  "gripper_coordination_min": 0.48624635785818104,
  "gripper_coordination_max": 1.0,
  "vla_explosions": "508",
  "erratic_gripper_count": "0",
  "vla_explosion_rate": 1.0,
  "erratic_gripper_rate": 0.0,
  "manipulation_vla_explosion_rate": 1.0,
  "manipulation_erratic_gripper_rate": 0.0,
  "other_vla_explosion_rate": 1.0,
  "other_erratic_gripper_rate": 0.0,
  "complex_vla_explosion_rate": 1.0,
  "complex_erratic_gripper_rate": 0.0,
  "interaction_vla_explosion_rate": 1.0,
  "interaction_erratic_gripper_rate": 0.0,
  "navigation_vla_explosion_rate": 1.0,
  "navigation_erratic_gripper_rate": 0.0,
  "avg_gripper_changes": 36.99409448818898,
  "avg_expected_gripper_changes": 7.919291338582677,
  "gripper_overuse_ratio": 4.630167322834645
}