{
  "total_trajectories": 59,
  "total_actions": "22490",
  "avg_actions_per_trajectory": 381.1864406779661,
  "task_categories": {
    "navigation": 40,
    "manipulation": 19
  },
  "traj_overall_stability_mean": 0.03505372433686456,
  "traj_overall_stability_std": 0.042907036604707925,
  "traj_overall_stability_min": 0.0004126876417882155,
  "traj_overall_stability_max": 0.14656391047319622,
  "traj_velocity_stability_mean": 0.03140964599321599,
  "traj_velocity_stability_std": 0.07022291541247269,
  "traj_velocity_stability_min": 1.2800345021045926e-08,
  "traj_velocity_stability_max": 0.2819238727359358,
  "traj_acceleration_stability_mean": 5.362691218638761e-06,
  "traj_acceleration_stability_std": 1.2502995906296526e-05,
  "traj_acceleration_stability_min": 1.7030697320820827e-12,
  "traj_acceleration_stability_max": 5.373358043718911e-05,
  "traj_jerk_stability_mean": 6.502426584548356e-10,
  "traj_jerk_stability_std": 1.5209821800713634e-09,
  "traj_jerk_stability_min": 2.0390362019598866e-16,
  "traj_jerk_stability_max": 6.449825092182498e-09,
  "traj_position_stability_mean": 0.28770186070758696,
  "traj_position_stability_std": 0.30564646671311274,
  "traj_position_stability_min": 0.00411851482317233,
  "traj_position_stability_max": 0.9424215127260662,
  "gripper_overall_stability_mean": 0.46471469797968745,
  "gripper_overall_stability_std": 0.25295200843509424,
  "gripper_overall_stability_min": 0.24155423368227663,
  "gripper_overall_stability_max": 0.8838269429158297,
  "gripper_smoothness_mean": 0.35248362743975886,
  "gripper_smoothness_std": 0.4239999643129124,
  "gripper_smoothness_min": 8.60199809770463e-09,
  "gripper_smoothness_max": 0.9741174829222877,
  "gripper_frequency_mean": 0.31754243851322467,
  "gripper_frequency_std": 0.3030205275844605,
  "gripper_frequency_min": 0.037037037037037035,
  "gripper_frequency_max": 1.0,
  "gripper_coordination_mean": 0.7615283848327218,
  "gripper_coordination_std": 0.021120885362250326,
  "gripper_coordination_min": 0.7083674757724755,
  "gripper_coordination_max": 0.8250147069644818,
  "vla_explosions": "59",
  "erratic_gripper_count": "39",
  "vla_explosion_rate": 1.0,
  "erratic_gripper_rate": 0.6610169491525424,
  "navigation_vla_explosion_rate": 1.0,
  "navigation_erratic_gripper_rate": 0.6,
  "manipulation_vla_explosion_rate": 1.0,
  "manipulation_erratic_gripper_rate": 0.7894736842105263,
  "avg_gripper_changes": 60.610169491525426,
  "avg_expected_gripper_changes": 7.322033898305085,
  "gripper_overuse_ratio": 8.953389830508474
}