{
  "total_trajectories": 209,
  "total_actions": "75080",
  "avg_actions_per_trajectory": 359.23444976076553,
  "task_categories": {
    "manipulation": 100,
    "interaction": 89,
    "other": 20
  },
  "traj_overall_stability_mean": 0.08419430281170612,
  "traj_overall_stability_std": 0.0673677479027943,
  "traj_overall_stability_min": 0.0003667859800470257,
  "traj_overall_stability_max": 0.32191365530414473,
  "traj_velocity_stability_mean": 0.1172499077212969,
  "traj_velocity_stability_std": 0.2069527741457121,
  "traj_velocity_stability_min": 9.009159306888467e-09,
  "traj_velocity_stability_max": 0.99565947938275,
  "traj_acceleration_stability_mean": 0.0011377976165310223,
  "traj_acceleration_stability_std": 0.0076364479676968655,
  "traj_acceleration_stability_min": 1.198410757634026e-12,
  "traj_acceleration_stability_max": 0.07646914880690937,
  "traj_jerk_stability_mean": 4.238289171619001e-07,
  "traj_jerk_stability_std": 2.9021087386046298e-06,
  "traj_jerk_stability_min": 1.438933254482879e-16,
  "traj_jerk_stability_max": 2.9538474089648152e-05,
  "traj_position_stability_mean": 0.6040281245092055,
  "traj_position_stability_std": 0.33750192930878814,
  "traj_position_stability_min": 0.0036677257842379425,
  "traj_position_stability_max": 0.998291993958861,
  "gripper_overall_stability_mean": 0.4399956865042289,
  "gripper_overall_stability_std": 0.19838459379933263,
  "gripper_overall_stability_min": 0.23678120562845384,
  "gripper_overall_stability_max": 0.9997845553648335,
  "gripper_smoothness_mean": 0.3263617103187878,
  "gripper_smoothness_std": 0.3302045341211298,
  "gripper_smoothness_min": 2.2327245094758533e-08,
  "gripper_smoothness_max": 0.9994613884120834,
  "gripper_frequency_mean": 0.2626580337900745,
  "gripper_frequency_std": 0.2603651166516819,
  "gripper_frequency_min": 0.027210884353741496,
  "gripper_frequency_max": 1.0,
  "gripper_coordination_mean": 0.7688453074656384,
  "gripper_coordination_std": 0.0525635405329209,
  "gripper_coordination_min": 0.6900470388474086,
  "gripper_coordination_max": 1.0,
  "vla_explosions": "209",
  "erratic_gripper_count": "167",
  "vla_explosion_rate": 1.0,
  "erratic_gripper_rate": 0.7990430622009569,
  "manipulation_vla_explosion_rate": 1.0,
  "manipulation_erratic_gripper_rate": 0.92,
  "interaction_vla_explosion_rate": 1.0,
  "interaction_erratic_gripper_rate": 0.7528089887640449,
  "other_vla_explosion_rate": 1.0,
  "other_erratic_gripper_rate": 0.4,
  "avg_gripper_changes": 56.66985645933014,
  "avg_expected_gripper_changes": 7.133971291866029,
  "gripper_overuse_ratio": 7.648923444976076
}